state_ut,area,geography_type,hh_surveyed,women_interviewed,anc_first_trimester_pct,anc_4plus_visits_pct,tetanus_protected_birth_pct,ifa_100days_pct,ifa_180days_pct,mcp_card_pct,postnatal_care_mother_2days_pct,oop_cost_public_delivery_rs,institutional_births_pct,institutional_births_public_pct,skilled_birth_attendance_pct,caesarean_overall_pct,caesarean_private_pct,caesarean_public_pct,full_immunisation_card_recall_pct,bcg_pct,polio3_pct,penta_dpt3_pct,mcv1_pct,mcv2_24to35m_pct,rotavirus3_pct,vitamin_a_pct,breastfed_1hour_pct,exclusive_breastfed_u6m_pct,adequate_diet_6to23m_pct,stunted_pct,wasted_pct,severely_wasted_pct,underweight_pct,overweight_child_pct,children_anaemic_6to59m_pct,women_bmi_below_normal_pct,women_anaemic_all_pct,women_anaemic_pregnant_pct,neonatal_mortality_rate,infant_mortality_rate,under5_mortality_rate,total_fertility_rate,women_married_before18_pct,women_literate_pct,women_10plus_yrs_school_pct,improved_drinking_water_pct,improved_sanitation_pct,clean_cooking_fuel_pct,health_insurance_pct
India,Urban,National,160138.0,179535.0,75.46,68.14,92.72,54.0,34.38,94.91,84.61,3385.4,93.79,52.57,94.02,32.26,49.28,22.71,75.47,94.73,79.16,85.96,87.11,30.43,34.92,71.82,44.67,59.63,12.25,30.12,18.54,7.6,27.34,4.22,64.22,13.24,53.81,45.72,17.96,26.56,31.45,1.63,14.69,83.01,56.28,98.67,81.47,89.65,38.08
India,Rural,National,476561.0,544580.0,67.91,54.2,91.65,40.17,22.74,96.31,75.42,2769.84,86.71,65.31,87.76,17.59,46.03,11.86,76.79,95.38,80.93,87.02,88.13,32.41,36.95,70.97,40.68,65.06,10.96,37.34,19.51,7.71,33.78,3.15,68.25,21.22,58.51,54.31,27.45,38.36,45.69,2.14,27.02,65.9,33.7,94.57,64.9,43.21,42.44
India,Total,National,636699.0,724115.0,70.04,58.13,91.95,44.07,26.02,95.91,78.01,2915.87,88.59,61.91,89.43,21.5,47.37,14.31,76.44,95.2,80.45,86.74,87.85,31.88,36.4,71.2,41.75,63.72,11.3,35.47,19.26,7.68,32.11,3.43,67.12,18.67,57.03,52.15,24.91,35.2,41.86,1.99,23.25,71.46,41.04,95.87,70.17,58.62,40.99
Andaman & Nicobar Islands,Urban,State/UT,527.0,557.0,81.15,86.03,92.82,81.21,64.77,100.0,89.39,4229.5,99.19,81.84,96.74,40.78,,33.59,72.11,100.0,75.68,93.09,79.29,34.58,0.01,84.3,45.76,,27.74,18.15,12.83,5.09,15.07,5.69,47.83,11.32,57.24,,,,,1.44,17.43,86.55,59.71,98.03,87.95,95.63,1.44
Andaman & Nicobar Islands,Rural,State/UT,2097.0,1840.0,73.47,81.04,89.03,80.71,41.02,97.92,88.45,2089.19,98.73,92.08,97.83,20.2,,15.78,84.84,95.88,87.35,92.08,85.5,28.59,0.65,87.22,47.78,,10.59,26.42,18.95,4.57,31.14,5.16,33.32,8.19,57.64,55.54,2.82,8.39,9.46,1.17,15.27,85.58,47.57,95.31,87.98,71.01,1.61
Andaman & Nicobar Islands,Total,State/UT,2624.0,2397.0,77.06,83.37,90.8,80.94,52.12,98.9,88.89,2924.19,98.95,87.27,97.32,29.86,79.17,23.63,77.78,98.17,80.88,92.64,82.05,31.91,0.29,85.95,46.86,73.26,19.47,22.47,15.99,4.82,23.65,5.42,40.04,9.44,57.48,53.66,12.32,20.64,24.54,1.28,16.21,85.97,52.47,96.32,87.97,79.77,1.55
Andhra Pradesh,Urban,State/UT,3192.0,3161.0,82.68,67.16,92.51,76.74,45.61,94.15,92.19,2658.69,98.64,41.81,98.31,50.47,66.11,30.85,69.29,92.37,70.58,84.79,83.69,27.06,71.96,81.68,51.63,61.35,16.7,23.14,17.55,6.36,25.12,2.95,58.73,11.91,57.77,56.19,14.35,29.75,33.67,1.47,21.69,79.01,51.2,99.43,89.1,96.57,62.16
Andhra Pradesh,Rural,State/UT,8154.0,7814.0,81.34,67.58,92.87,67.64,39.25,97.46,90.08,3248.46,95.67,53.74,95.23,39.28,61.35,25.23,74.65,95.57,76.88,89.94,88.55,31.3,77.0,79.73,52.21,70.41,6.29,34.24,15.49,5.83,31.37,2.56,65.03,16.15,59.31,52.7,22.11,30.43,35.81,1.78,32.9,63.84,34.28,95.44,72.09,77.91,73.73
Andhra Pradesh,Total,State/UT,11346.0,10975.0,81.73,67.46,92.77,70.29,41.1,96.53,90.69,3105.47,96.51,50.37,96.1,42.44,63.01,26.55,73.02,94.59,74.96,88.37,87.07,30.01,75.46,80.28,52.04,68.04,9.31,31.16,16.06,5.98,29.63,2.67,63.19,14.83,58.83,53.71,19.91,30.25,35.19,1.68,29.34,68.64,39.63,96.65,77.26,83.62,70.19
Arunachal Pradesh,Urban,State/UT,3714.0,4211.0,57.18,47.81,82.11,29.39,13.03,97.73,67.03,10177.81,90.62,82.14,93.02,17.06,56.26,14.97,66.76,93.38,70.45,83.19,85.1,29.61,28.75,75.68,53.97,66.19,25.72,28.42,10.07,4.65,13.12,9.55,52.84,5.62,36.48,23.39,12.51,16.7,22.17,1.44,16.69,84.65,55.39,98.13,79.87,90.15,33.6
Arunachal Pradesh,Rural,State/UT,14554.0,15554.0,52.4,34.61,76.05,22.85,7.85,95.18,54.61,9648.8,77.3,73.64,80.3,14.39,43.84,17.36,64.59,87.13,68.82,76.83,80.08,27.06,32.44,68.82,51.68,62.93,21.42,27.91,13.55,6.81,15.78,9.67,57.13,5.71,41.01,28.64,6.93,12.25,18.27,1.88,19.33,71.63,36.19,92.93,83.41,46.25,28.5
Arunachal Pradesh,Total,State/UT,18268.0,19765.0,53.09,36.51,76.92,23.8,8.6,95.58,56.41,9731.31,79.18,74.84,82.09,14.76,47.27,16.99,64.87,87.93,69.02,77.65,80.72,27.39,31.97,69.74,52.01,63.43,21.99,27.98,13.08,6.51,15.41,9.65,56.56,5.69,40.27,27.86,7.72,12.87,18.82,1.8,18.88,73.78,39.36,93.71,82.88,53.19,29.31
Assam,Urban,State/UT,3988.0,4291.0,72.7,62.55,96.16,54.44,22.62,98.87,76.8,6651.14,93.51,66.28,94.85,39.15,78.84,26.68,63.15,92.63,69.27,79.73,77.25,12.54,44.8,63.99,48.46,67.33,7.94,29.76,19.07,8.03,25.89,7.95,66.35,13.91,65.23,41.44,15.18,22.73,33.0,1.5,22.32,87.47,49.02,92.31,69.72,85.49,50.11
Assam,Rural,State/UT,26131.0,30688.0,62.67,49.16,94.31,46.57,17.98,98.69,63.83,5269.29,82.92,75.41,85.07,15.55,66.94,13.94,66.9,92.49,73.99,81.96,83.57,20.33,45.49,57.41,49.17,63.01,7.96,35.96,22.05,9.17,33.61,4.47,68.64,18.29,65.96,55.9,23.38,33.06,39.89,1.93,33.35,75.39,26.15,84.99,68.35,33.67,61.91
Assam,Total,State/UT,30119.0,34979.0,63.83,50.7,94.52,47.47,18.51,98.71,65.33,5415.26,84.09,74.41,86.14,18.14,70.62,15.19,66.44,92.51,73.4,81.68,82.78,19.36,45.4,58.18,49.09,63.56,7.96,35.29,21.73,9.05,32.78,4.85,68.38,17.64,65.86,54.21,22.48,31.93,39.12,1.87,31.82,77.2,29.57,86.04,68.55,42.13,59.99
Bihar,Urban,State/UT,3789.0,4601.0,59.84,32.36,90.45,26.03,15.25,84.98,62.55,3511.09,84.05,47.36,83.11,15.67,36.68,4.66,66.65,95.32,71.14,82.95,84.21,35.09,4.9,52.53,35.09,55.82,9.15,36.78,21.62,7.65,35.81,2.24,67.89,18.66,65.58,56.1,29.49,43.05,49.95,2.35,27.87,74.93,47.99,99.46,69.17,78.56,11.58
Bihar,Rural,State/UT,32045.0,37882.0,51.87,24.03,89.39,16.71,8.32,90.23,56.47,2771.15,75.02,58.33,78.33,8.82,40.61,3.5,71.6,95.55,76.2,85.26,85.96,29.08,3.12,56.52,30.54,59.35,11.17,43.85,23.08,9.0,41.79,2.43,69.69,26.88,63.14,63.88,35.2,47.31,57.42,3.11,43.36,54.54,25.21,99.15,45.68,30.25,15.09
Bihar,Total,State/UT,35834.0,42483.0,52.94,25.15,89.53,17.96,9.25,89.54,57.28,2848.31,76.2,56.91,78.95,9.71,39.64,3.62,70.96,95.52,75.54,84.96,85.73,29.86,3.35,56.01,31.11,58.93,10.91,42.94,22.89,8.83,41.03,2.41,69.43,25.56,63.52,63.08,34.46,46.76,56.44,2.98,40.8,57.78,28.83,99.2,49.4,37.79,14.55
Chandigarh,Urban,State/UT,740.0,720.0,82.17,79.11,93.08,73.85,64.33,97.42,90.52,5585.62,97.0,83.37,97.0,31.65,44.81,30.64,81.66,96.73,81.66,88.7,88.7,15.13,85.71,72.35,63.69,,19.1,25.2,8.3,2.37,20.18,1.87,54.97,13.06,60.25,,,,,1.41,9.84,83.1,59.91,99.11,85.37,95.81,32.31
Chandigarh,Rural,State/UT,21.0,26.0,,,,,,,,,,,,,,,,,,,,,,,,,,,,,,,,,64.0,,,,,,,69.23,30.77,100.0,47.57,,
Chandigarh,Total,State/UT,761.0,746.0,82.34,78.74,93.15,73.91,64.48,97.24,90.61,5546.35,96.87,83.24,97.03,31.3,44.28,30.35,80.93,96.76,80.93,87.9,87.9,14.99,84.94,72.57,63.72,,18.97,25.3,8.41,2.34,20.56,1.85,54.58,13.01,60.3,,,,,1.4,9.72,82.96,59.61,99.12,84.98,95.81,32.23
Chhattisgarh,Urban,State/UT,4518.0,5421.0,71.54,62.16,92.14,41.39,23.46,98.52,90.31,2536.02,93.12,58.91,95.53,31.18,60.4,17.84,77.33,95.79,85.75,83.96,87.74,34.81,48.49,81.85,29.96,73.8,8.99,29.95,18.91,8.95,25.82,5.68,71.08,15.97,56.54,38.76,19.3,26.23,28.94,1.42,8.1,85.26,52.39,98.59,88.15,80.23,68.81
Chhattisgarh,Rural,State/UT,20032.0,23047.0,64.07,59.57,91.87,45.89,27.05,97.17,82.28,1681.66,83.9,72.74,87.15,11.27,54.46,7.13,80.4,96.63,83.8,88.42,90.93,29.13,50.93,85.18,32.77,81.52,9.35,35.75,18.87,7.19,32.71,3.56,66.16,25.33,62.15,54.75,35.58,48.7,55.79,1.94,13.2,71.3,32.05,94.67,73.5,19.22,72.09
Chhattisgarh,Total,State/UT,24550.0,28468.0,65.66,60.12,91.93,44.94,26.29,97.45,83.99,1833.49,85.72,70.01,88.81,15.2,57.01,8.91,79.74,96.44,84.22,87.45,90.24,30.36,50.4,84.52,32.24,80.35,9.28,34.6,18.88,7.54,31.33,3.98,67.24,23.08,60.82,51.79,32.37,44.24,50.4,1.82,12.04,74.62,36.89,95.54,76.76,33.0,71.35
Dadra and Nagar Haveli & Daman and Diu,Urban,State/UT,1542.0,1455.0,71.77,77.93,78.71,56.01,35.24,97.82,91.52,1132.26,96.38,60.38,97.03,29.89,44.52,22.96,90.01,96.23,92.41,94.53,92.59,35.18,5.74,86.04,19.43,64.76,8.99,32.89,22.14,5.12,33.63,1.21,75.0,20.74,60.45,61.06,20.32,33.33,43.8,1.72,26.69,87.69,48.6,97.88,68.5,95.16,39.5
Dadra and Nagar Haveli & Daman and Diu,Rural,State/UT,1134.0,1258.0,84.0,94.84,90.8,63.7,37.19,99.85,91.66,329.13,96.65,82.93,98.53,16.12,37.32,13.26,100.0,100.0,100.0,100.0,100.0,53.68,1.52,86.25,31.79,93.29,11.29,45.66,21.08,3.49,43.52,2.45,76.84,29.0,64.36,60.4,22.51,30.43,30.43,1.94,26.16,67.9,24.22,93.16,63.34,62.56,66.26
Dadra and Nagar Haveli & Daman and Diu,Total,State/UT,2676.0,2713.0,77.74,86.18,84.61,59.76,36.19,98.83,91.59,676.99,96.52,71.9,97.79,22.86,42.47,17.25,94.88,98.07,96.11,97.2,96.2,44.19,3.69,86.16,25.93,79.36,10.22,39.42,21.59,4.28,38.7,1.85,75.8,25.07,62.51,60.66,21.43,31.84,36.99,1.84,26.41,77.26,35.75,95.37,65.76,79.94,51.99
Goa,Urban,State/UT,1143.0,1240.0,66.51,92.94,98.01,87.03,61.44,99.66,96.52,3875.33,99.56,53.09,98.56,39.08,46.55,32.86,77.86,96.48,83.82,89.34,92.89,23.18,2.34,94.35,60.72,,21.08,24.26,17.69,6.44,22.45,2.24,53.28,13.05,40.03,46.1,,,,1.26,7.67,92.64,73.01,98.96,88.99,98.8,65.07
Goa,Rural,State/UT,713.0,790.0,76.15,93.1,94.17,88.19,70.48,100.0,93.71,3705.89,100.0,61.14,100.0,40.08,56.62,29.56,88.07,100.0,95.14,92.92,92.92,19.51,12.25,88.06,62.93,,22.17,28.23,21.52,9.39,26.59,3.63,53.09,14.99,37.36,,,,,1.36,3.18,93.43,69.31,97.81,86.35,93.12,67.46
Goa,Total,State/UT,1856.0,2030.0,70.32,93.0,96.49,87.49,65.02,99.8,95.4,3803.57,99.73,56.18,99.11,39.46,50.0,31.48,81.94,97.89,88.35,90.77,92.9,21.72,6.3,91.94,61.63,61.37,21.54,25.77,19.12,7.54,24.0,2.76,53.2,13.83,38.95,40.99,5.63,5.63,10.6,1.3,5.83,92.96,71.5,98.49,87.92,96.5,66.04
Gujarat,Urban,State/UT,9232.0,10163.0,83.71,82.43,91.43,62.04,45.45,96.65,93.1,2026.91,97.79,36.59,96.75,30.69,38.03,20.27,77.02,95.61,79.66,85.2,88.49,24.32,2.9,86.76,34.39,70.26,6.63,32.35,22.36,9.74,33.28,4.6,77.58,17.24,61.26,55.59,16.81,24.09,26.7,1.65,14.16,86.83,47.91,99.35,89.26,94.33,36.27
Gujarat,Rural,State/UT,20136.0,23180.0,76.39,73.28,87.56,58.68,41.8,98.29,87.49,1534.9,92.16,47.25,91.05,15.34,24.95,8.75,75.94,94.16,79.53,86.62,85.81,29.04,1.75,84.78,39.85,62.4,5.5,42.98,26.73,11.06,43.51,3.54,81.18,30.85,67.63,66.44,24.76,35.46,44.22,2.0,26.91,69.03,23.63,95.65,63.27,46.09,41.08
Gujarat,Total,State/UT,29368.0,33343.0,79.27,76.89,89.08,60.0,43.24,97.65,89.7,1697.37,94.25,43.29,93.17,21.03,30.78,12.36,76.34,94.7,79.58,86.09,86.82,27.27,2.18,85.55,37.78,65.01,5.92,39.02,25.1,10.57,39.68,3.93,79.69,25.15,64.98,62.55,21.8,31.22,37.64,1.86,21.78,76.45,33.76,97.18,74.02,66.85,39.01
Haryana,Urban,State/UT,5745.0,6625.0,85.03,63.05,88.55,50.68,31.74,94.89,92.39,1767.91,96.1,48.61,95.53,23.54,34.85,14.37,74.3,95.9,77.82,88.9,89.38,33.48,79.49,62.19,37.66,70.34,9.55,26.09,10.76,4.32,20.49,3.27,68.07,11.4,57.39,54.64,18.95,28.6,36.0,1.65,9.91,87.42,60.12,99.32,86.01,90.54,28.33
Haryana,Rural,State/UT,12484.0,15284.0,85.32,59.21,91.7,51.46,32.04,97.62,90.78,1630.64,94.42,61.07,93.95,17.78,33.42,10.87,77.92,94.58,81.63,88.28,89.39,31.35,79.97,66.01,43.27,69.1,12.66,28.05,11.83,4.37,21.84,3.33,71.46,16.93,61.9,57.22,22.74,35.28,39.8,2.04,13.65,78.75,44.14,98.23,84.55,42.64,24.2
Haryana,Total,State/UT,18229.0,21909.0,85.23,60.39,90.73,51.22,31.95,96.78,91.28,1666.26,94.91,57.46,94.41,19.45,33.94,11.73,76.89,94.95,80.55,88.46,89.38,31.95,79.84,64.91,41.61,69.45,11.77,27.49,11.53,4.36,21.45,3.31,70.43,15.09,60.41,56.45,21.64,33.34,38.71,1.91,12.46,81.67,49.53,98.59,85.03,59.51,25.65
Himachal Pradesh,Urban,State/UT,914.0,864.0,81.6,77.31,86.67,72.93,44.36,97.8,88.83,9411.09,93.09,64.23,90.31,26.15,46.65,19.75,94.09,97.69,95.38,94.09,96.4,30.57,73.39,71.6,43.75,,14.38,27.04,16.16,6.31,24.64,5.38,58.17,9.75,51.02,,,,,1.43,7.23,95.01,79.78,98.37,85.0,94.69,37.06
Himachal Pradesh,Rural,State/UT,9784.0,9504.0,71.17,69.34,90.49,66.43,42.8,98.81,85.95,3138.34,87.55,72.72,86.63,20.27,52.59,17.15,88.51,98.23,89.31,96.42,95.86,44.23,90.04,78.06,45.28,71.28,19.72,31.34,17.55,6.96,25.62,5.7,54.97,14.54,53.33,43.93,21.28,27.08,30.9,1.69,5.14,91.23,63.78,95.86,81.27,44.45,34.09
Himachal Pradesh,Total,State/UT,10698.0,10368.0,72.44,70.31,90.02,67.22,42.99,98.69,86.3,3760.48,88.2,71.72,87.06,20.96,51.37,17.43,89.25,98.16,90.11,96.11,95.93,42.43,87.85,77.28,45.09,69.85,19.0,30.84,17.39,6.88,25.5,5.66,55.35,13.91,53.02,42.19,20.54,25.63,28.94,1.66,5.4,91.73,65.89,96.19,81.75,51.73,34.52
Jammu & Kashmir,Urban,State/UT,3423.0,4152.0,89.99,83.08,94.39,34.02,21.57,97.29,89.42,5680.44,98.56,87.35,98.75,54.67,90.99,50.91,82.99,90.98,82.99,89.96,88.72,36.48,3.98,85.98,54.89,68.13,12.29,30.07,17.61,9.55,19.38,10.78,70.06,3.65,61.41,44.07,7.52,14.67,15.71,1.22,2.0,84.32,65.11,98.33,85.64,95.75,19.2
Jammu & Kashmir,Rural,State/UT,14663.0,18885.0,85.46,80.2,91.08,28.48,14.12,97.31,82.57,4971.43,90.52,86.61,93.98,37.77,74.43,40.24,87.23,96.41,88.98,93.64,92.63,32.0,5.67,81.17,55.86,59.93,14.0,25.89,19.4,9.68,21.45,9.25,73.53,5.79,67.51,44.12,10.48,16.74,19.36,1.48,5.26,74.71,46.22,89.64,72.26,58.89,10.15
Jammu & Kashmir,Total,State/UT,18086.0,23037.0,86.55,80.9,91.88,29.82,15.93,97.31,84.23,5145.11,92.39,86.79,95.09,41.7,82.14,42.74,86.22,95.12,87.56,92.76,91.7,33.06,5.27,82.3,55.63,61.97,13.6,26.86,18.98,9.65,20.97,9.61,72.69,5.23,65.89,44.11,9.79,16.26,18.53,1.41,4.46,77.27,51.25,91.89,75.73,69.19,12.68
Jharkhand,Urban,State/UT,4301.0,5145.0,76.16,48.48,90.77,37.67,22.28,87.73,79.84,2583.76,89.08,47.27,92.55,25.79,47.68,12.38,67.77,92.98,71.24,79.82,80.95,29.71,65.24,72.5,22.47,61.64,10.31,26.77,22.97,10.68,29.96,2.78,65.46,17.28,61.08,45.47,17.65,22.24,27.33,1.56,19.42,82.37,54.4,94.63,75.88,70.97,41.57
Jharkhand,Rural,State/UT,18562.0,21350.0,66.2,36.42,90.77,26.13,13.19,92.28,66.7,1980.08,73.06,58.77,80.49,10.15,46.06,6.07,75.1,95.36,77.82,86.68,87.78,32.8,76.43,70.62,21.25,78.62,10.47,42.25,22.29,8.8,41.36,2.82,67.91,29.16,66.66,59.19,30.39,41.13,49.21,2.48,36.09,59.34,26.29,84.12,50.81,19.49,53.08
Jharkhand,Total,State/UT,22863.0,26495.0,68.02,38.62,90.77,28.23,14.85,91.46,69.1,2069.2,75.76,56.83,82.53,12.79,46.66,6.96,73.91,94.97,76.75,85.57,86.67,32.29,74.6,70.93,21.45,76.06,10.45,39.58,22.41,9.12,39.4,2.81,67.45,26.2,65.3,56.81,28.21,37.88,45.44,2.26,32.21,65.01,33.22,86.57,56.65,31.89,50.31
Karnataka,Urban,State/UT,7727.0,8962.0,73.65,71.23,94.9,50.67,31.53,96.75,87.37,5042.17,98.34,55.96,96.15,35.21,52.33,23.3,79.97,96.59,82.51,91.33,88.97,34.43,7.62,86.65,51.79,56.71,11.44,32.16,18.52,8.61,29.43,3.76,62.81,12.94,43.91,37.33,15.07,21.39,24.51,1.5,16.12,85.09,62.3,97.26,84.39,94.51,28.23
Karnataka,Rural,State/UT,18847.0,21493.0,69.26,70.61,92.82,40.92,23.68,98.16,87.42,4910.67,96.15,69.97,92.46,29.36,52.75,22.21,86.49,97.47,90.5,92.49,92.54,32.86,4.87,85.98,47.51,62.95,13.65,37.22,20.06,8.28,34.85,2.86,67.11,19.93,50.26,50.62,16.24,27.79,32.51,1.79,24.66,70.95,41.97,94.07,68.5,69.33,28.02
Karnataka,Total,State/UT,26574.0,30455.0,70.95,70.85,93.62,44.67,26.7,97.62,87.4,4953.92,96.96,64.76,93.83,31.54,52.54,22.56,84.08,97.15,87.55,92.06,91.22,33.44,5.89,86.24,49.1,60.95,12.83,35.43,19.52,8.4,32.94,3.18,65.52,17.15,47.76,45.73,15.81,25.4,29.51,1.67,21.25,76.69,50.22,95.33,74.78,79.73,28.11
Kerala,Urban,State/UT,5047.0,4564.0,93.91,79.32,94.73,80.53,66.19,89.85,93.09,6602.48,99.73,30.23,99.94,39.07,39.36,38.75,77.61,98.24,85.81,86.11,86.41,16.88,10.0,85.28,66.8,50.33,21.5,20.05,16.02,7.03,19.44,3.78,38.92,9.74,36.95,35.44,2.62,3.52,3.87,1.82,4.1,99.13,78.78,96.38,98.95,78.49,47.18
Kerala,Rural,State/UT,7283.0,6405.0,93.33,77.99,95.67,79.46,67.69,92.48,93.39,6789.03,99.78,37.68,99.96,38.71,40.44,36.09,78.03,96.98,82.46,84.32,90.13,14.17,9.08,83.01,66.59,59.48,25.38,26.42,15.52,4.64,19.88,4.2,39.83,10.39,35.78,27.14,4.17,5.24,6.39,1.76,8.22,97.47,75.29,93.58,98.48,66.3,55.41
Kerala,Total,State/UT,12330.0,10969.0,93.61,78.62,95.22,79.97,66.98,91.25,93.25,6710.02,99.76,34.1,99.95,38.88,39.89,37.22,77.83,97.59,84.06,85.18,88.34,15.47,9.52,84.11,66.69,55.48,23.47,23.41,15.75,5.77,19.67,4.0,39.4,10.08,36.34,31.42,3.43,4.42,5.19,1.79,6.29,98.27,76.97,94.92,98.71,72.07,51.51
Ladakh,Urban,State/UT,408.0,515.0,84.53,78.18,95.6,13.83,7.05,99.17,80.13,3910.88,99.08,98.38,100.0,47.68,,47.75,,,,,,,,94.15,59.22,,25.34,28.18,14.75,5.84,16.96,17.01,84.05,3.73,89.45,67.52,,,,1.39,0.0,77.65,53.79,97.24,74.66,97.15,26.72
Ladakh,Rural,State/UT,1410.0,1840.0,86.06,78.47,93.88,14.47,7.34,97.4,79.47,3778.99,94.02,93.74,96.17,34.97,,37.0,91.88,100.0,91.88,94.75,94.75,41.61,9.93,85.18,57.56,66.62,23.64,31.14,18.21,10.01,21.24,12.36,95.05,4.51,93.53,80.84,12.07,17.43,27.42,1.29,3.13,76.6,49.16,86.69,34.78,71.31,12.1
Ladakh,Total,State/UT,1818.0,2355.0,85.75,78.41,94.23,14.34,7.28,97.76,79.61,3807.37,95.06,94.7,96.97,37.59,,39.31,88.22,99.06,88.22,95.02,92.86,43.15,10.62,87.12,57.9,70.92,23.98,30.53,17.46,9.1,20.36,13.36,92.46,4.36,92.76,78.07,11.36,20.01,29.54,1.31,2.46,76.8,50.04,88.68,42.32,76.26,14.9
Lakshadweep,Urban,State/UT,724.0,954.0,99.46,86.18,99.5,83.63,62.19,90.69,90.7,3054.25,99.48,56.25,100.0,30.65,36.12,26.73,86.97,93.86,86.97,93.86,93.86,12.38,13.06,44.7,77.21,77.33,21.82,30.74,18.53,8.69,28.45,10.03,45.54,6.72,26.42,22.3,,,,1.38,1.91,96.4,68.24,94.62,99.74,68.48,58.4
Lakshadweep,Rural,State/UT,197.0,280.0,100.0,94.16,98.98,70.43,60.23,41.57,97.77,1769.4,100.0,91.97,100.0,33.24,,30.71,,,,,,,,45.02,74.0,,,35.59,14.17,8.87,18.41,11.75,36.05,12.41,23.74,,,,,1.6,0.01,96.82,66.28,86.69,100.0,24.7,66.71
Lakshadweep,Total,State/UT,921.0,1234.0,99.6,88.31,99.36,80.11,61.67,77.82,92.58,2533.27,99.61,65.27,100.0,31.3,37.66,28.15,86.14,94.2,86.14,90.98,90.98,11.67,12.69,44.79,76.3,67.0,18.95,32.02,17.35,8.74,25.78,10.49,43.08,7.98,25.8,20.9,0.01,0.01,0.01,1.42,1.32,96.5,67.79,92.88,99.8,59.43,60.11
Madhya Pradesh,Urban,State/UT,9004.0,10204.0,78.44,63.33,96.37,58.59,36.64,94.5,87.64,1969.33,95.76,71.87,92.51,23.26,51.42,15.28,76.52,95.25,80.95,89.25,89.11,32.67,73.48,78.43,36.2,68.84,10.62,30.07,19.87,7.02,28.6,1.84,72.48,17.07,51.5,45.08,24.03,33.87,38.24,1.61,12.98,83.32,49.06,97.87,81.15,84.28,41.41
Madhya Pradesh,Rural,State/UT,34548.0,38206.0,74.36,55.57,94.52,49.05,30.26,97.35,82.16,1523.09,89.23,82.64,88.36,8.84,53.17,6.46,77.26,95.43,81.51,86.86,87.68,35.88,70.12,77.94,42.79,75.18,8.72,37.25,18.69,6.32,34.24,2.09,72.7,25.16,55.82,54.91,30.44,43.47,52.47,2.12,26.55,63.3,21.71,85.7,59.21,23.55,36.8
Madhya Pradesh,Total,State/UT,43552.0,48410.0,75.36,57.47,94.97,51.39,31.83,96.65,83.5,1619.02,90.7,80.22,89.29,12.09,52.27,8.24,77.1,95.39,81.39,87.38,87.99,35.17,70.86,78.05,41.29,73.96,9.15,35.67,18.95,6.47,33.0,2.03,72.65,22.95,54.66,52.85,28.99,41.29,49.2,1.99,23.11,68.85,29.29,88.95,65.07,40.05,38.05
Maharashtra,Urban,State/UT,10294.0,11197.0,69.53,72.22,91.15,51.39,33.56,93.82,87.29,3389.84,96.72,50.83,95.92,30.58,40.91,23.22,71.74,91.97,76.39,81.46,82.68,22.45,7.2,72.35,51.79,66.94,9.17,34.9,23.02,9.49,33.29,5.22,66.33,15.8,52.04,44.22,15.13,22.58,28.22,1.5,15.66,90.17,61.13,99.3,75.06,95.62,20.11
Maharashtra,Rural,State/UT,21349.0,22558.0,71.96,68.68,89.29,45.66,28.8,96.75,83.8,2675.49,93.12,59.52,92.22,21.5,37.28,15.08,74.71,95.1,80.86,84.84,86.17,29.05,8.88,72.02,54.27,74.1,8.95,35.46,27.33,11.91,38.01,3.36,70.68,24.95,56.06,46.54,17.6,23.71,27.88,1.89,27.57,79.51,40.72,88.48,69.39,65.36,19.85
Maharashtra,Total,State/UT,31643.0,33755.0,70.88,70.26,90.12,48.22,30.92,95.45,85.36,2966.19,94.67,55.77,93.81,25.41,39.13,18.27,73.46,93.78,78.98,83.42,84.7,26.28,8.17,72.16,53.21,71.02,9.04,35.24,25.6,10.94,36.12,4.1,68.9,20.78,54.24,45.65,16.53,23.22,28.03,1.71,21.89,84.58,50.44,93.49,72.02,79.72,19.97
Manipur,Urban,State/UT,2008.0,2223.0,84.02,88.8,91.81,63.02,35.98,74.9,86.15,16197.02,92.45,64.45,95.58,38.02,57.78,33.89,75.13,95.24,80.65,87.81,83.74,18.08,9.59,48.66,48.9,65.65,20.04,20.1,9.79,2.61,12.89,2.93,43.95,6.11,30.5,31.65,5.73,12.18,17.1,1.84,14.15,92.05,60.04,90.39,60.61,86.38,12.26
Manipur,Rural,State/UT,5873.0,5819.0,77.73,74.48,87.44,46.8,27.38,71.9,66.83,13563.63,73.89,56.93,80.83,19.65,49.64,19.73,65.91,95.49,73.29,78.4,73.29,14.08,5.47,43.03,55.98,73.41,19.39,25.07,10.01,3.8,13.53,3.55,42.2,7.93,28.79,32.69,22.71,31.1,36.2,2.38,17.61,84.84,40.6,68.91,67.45,60.69,15.31
Manipur,Total,State/UT,7881.0,8042.0,79.88,79.36,88.93,52.34,30.31,72.93,73.42,14518.2,79.89,59.36,85.59,25.59,53.23,24.7,68.83,95.41,75.61,81.38,76.59,15.34,6.77,44.87,53.69,70.69,19.59,23.43,9.94,3.41,13.32,3.35,42.77,7.23,29.44,32.37,17.23,24.99,30.03,2.17,16.32,87.62,48.08,77.06,64.85,70.43,14.15
Meghalaya,Urban,State/UT,1186.0,1598.0,63.19,67.5,84.76,47.47,28.69,87.49,54.8,3352.53,82.69,57.36,82.37,21.63,50.97,15.2,58.26,93.06,63.47,69.63,70.41,12.17,5.51,69.26,70.76,64.52,39.48,35.06,12.98,4.62,22.16,4.19,38.8,10.18,51.78,40.16,14.16,23.38,23.38,1.57,9.08,97.05,61.38,93.58,81.3,76.73,52.81
Meghalaya,Rural,State/UT,8962.0,11491.0,52.32,49.57,81.63,42.34,19.21,94.34,42.04,3189.71,54.28,47.85,61.18,6.09,34.61,8.08,64.68,88.65,69.29,73.68,72.81,14.47,3.89,59.73,79.93,39.17,28.43,48.21,11.97,4.72,27.29,4.0,46.02,11.02,54.32,45.93,20.63,33.63,42.62,3.31,19.12,85.53,27.34,75.57,83.28,21.72,66.48
Meghalaya,Total,State/UT,10148.0,13089.0,53.93,52.21,82.09,43.09,20.6,93.3,43.92,3218.64,58.06,49.11,63.99,8.16,40.76,9.18,63.8,89.25,68.5,73.13,72.48,14.16,4.11,60.96,78.76,42.72,29.75,46.54,12.1,4.71,26.64,4.02,45.07,10.84,53.79,44.98,19.77,32.26,39.96,2.91,16.89,88.17,35.13,79.18,82.88,33.68,63.51
Mizoram,Urban,State/UT,3082.0,3229.0,81.03,70.31,84.64,64.97,13.64,95.99,75.88,8839.65,98.83,79.75,99.1,16.79,30.65,13.72,69.59,81.47,73.94,81.56,79.91,34.98,14.37,69.76,61.51,74.29,15.86,25.51,8.26,3.55,9.3,12.12,42.78,4.18,30.81,31.88,14.42,20.64,21.84,1.63,3.22,99.14,62.33,98.42,97.06,97.85,41.23
Mizoram,Rural,State/UT,4175.0,4050.0,63.89,45.0,75.05,58.62,7.27,96.28,59.6,4900.9,72.46,67.72,76.04,4.78,29.4,5.0,75.18,85.21,78.21,79.96,81.85,17.4,0.64,61.45,58.55,62.15,10.78,31.9,11.17,6.13,15.76,8.14,49.55,6.76,39.88,35.92,8.39,21.98,26.2,2.19,14.0,87.67,32.7,92.58,93.19,66.4,52.79
Mizoram,Total,State/UT,7257.0,7279.0,72.7,58.01,79.98,61.88,10.54,96.13,67.97,7007.88,85.77,73.8,87.68,10.84,30.4,9.75,72.52,83.43,76.17,80.72,80.92,25.78,7.18,65.69,60.08,67.88,13.42,28.86,9.78,4.9,12.66,10.04,46.39,5.29,34.77,34.0,11.44,21.3,24.04,1.87,7.95,94.35,49.95,95.81,95.33,83.77,46.4
Nagaland,Urban,State/UT,2425.0,2575.0,64.46,39.87,89.26,16.49,6.69,91.84,62.91,7035.21,65.01,41.45,75.36,9.81,19.67,12.5,68.9,88.79,72.0,80.55,83.63,25.21,11.44,57.12,54.31,43.17,15.81,27.07,21.67,11.02,24.49,4.83,46.44,11.56,27.27,22.27,8.4,16.98,22.47,1.21,2.43,91.52,63.73,93.52,82.18,81.06,14.98
Nagaland,Rural,State/UT,7687.0,7119.0,43.63,13.06,78.11,7.68,3.1,92.65,36.32,5175.18,38.8,33.73,48.16,3.58,30.12,6.09,53.7,84.29,62.96,68.13,70.07,18.7,4.62,41.37,59.19,43.2,14.05,34.71,18.24,6.84,27.74,4.94,41.44,10.77,29.76,22.11,10.84,25.76,36.81,2.0,7.25,82.74,34.05,89.84,90.36,24.87,23.07
Nagaland,Total,State/UT,10112.0,9694.0,49.54,20.66,81.27,10.18,4.12,92.39,43.87,5777.94,45.67,35.75,55.29,5.22,23.61,8.04,57.88,85.52,65.44,71.54,73.8,20.49,6.5,45.6,57.88,43.2,14.52,32.71,19.14,7.93,26.88,4.91,42.74,11.05,28.88,22.15,10.2,23.44,33.03,1.72,5.6,85.8,44.41,91.03,87.72,43.0,20.46
NCT of Delhi,Urban,State/UT,9180.0,10771.0,76.49,77.05,93.53,68.87,48.79,94.12,85.56,2576.96,91.81,62.79,93.52,23.44,42.92,17.5,76.04,96.61,80.14,84.88,90.13,37.62,26.52,53.01,51.26,64.31,16.39,31.04,11.38,4.9,22.22,4.02,68.67,10.08,49.69,42.24,17.01,24.22,30.53,1.6,9.83,84.92,59.52,99.47,80.97,98.97,24.98
NCT of Delhi,Rural,State/UT,306.0,388.0,73.47,83.05,89.05,75.7,54.07,89.47,81.01,1402.17,90.4,51.85,91.06,28.15,40.78,23.97,74.74,100.0,81.32,87.0,89.54,27.29,29.45,50.68,49.34,,28.36,26.33,7.55,3.73,11.25,4.54,81.65,6.77,58.62,,,,,2.47,11.36,89.02,68.74,97.96,87.27,97.64,27.09
NCT of Delhi,Total,State/UT,9486.0,11159.0,76.39,77.24,93.39,69.08,48.96,93.98,85.42,2547.71,91.77,62.43,93.44,23.6,42.83,17.68,75.99,96.75,80.19,84.96,90.1,37.21,26.64,52.92,51.19,64.26,16.83,30.87,11.24,4.85,21.82,4.04,69.17,10.0,49.91,42.18,17.45,24.47,30.64,1.62,9.87,85.02,59.73,99.44,81.12,98.94,25.02
Odisha,Urban,State/UT,3707.0,4109.0,79.16,81.96,94.5,64.36,37.98,99.43,91.7,5066.05,97.47,70.81,94.84,34.07,68.58,22.29,92.02,98.24,92.58,98.44,97.7,39.19,90.64,82.53,67.91,68.29,14.66,24.88,14.86,3.89,21.54,5.48,56.16,12.62,61.52,59.49,24.6,31.24,31.95,1.48,14.51,83.91,47.87,97.27,72.28,76.85,29.5
Odisha,Rural,State/UT,22760.0,23862.0,76.49,77.35,95.29,60.18,33.75,99.39,87.75,3998.17,91.3,80.0,91.29,19.46,71.53,14.22,90.19,97.09,91.55,94.02,95.56,46.35,87.71,87.86,68.55,73.65,21.35,31.98,18.57,6.43,30.98,3.16,65.61,22.63,64.87,62.16,27.47,37.18,42.69,1.89,21.71,69.22,29.63,89.77,58.02,26.13,51.72
Odisha,Total,State/UT,26467.0,27971.0,76.89,78.06,95.17,60.82,34.4,99.4,88.35,4138.79,92.2,78.66,91.81,21.59,70.68,15.28,90.46,97.26,91.7,94.66,95.87,45.31,88.14,87.05,68.45,72.94,20.42,31.01,18.06,6.08,29.69,3.48,64.24,20.82,64.28,61.81,27.04,36.31,41.08,1.82,20.49,71.92,32.98,91.06,60.47,34.74,47.94
Puducherry,Urban,State/UT,2820.0,2938.0,87.79,90.03,92.5,82.39,61.66,98.57,91.89,2777.63,99.53,72.42,99.93,38.9,36.75,39.96,85.51,97.75,91.77,92.55,97.17,55.72,10.04,80.8,51.56,71.39,20.55,21.72,12.13,4.21,15.94,2.68,65.3,7.55,52.26,35.2,3.17,4.07,4.07,1.64,8.61,92.07,68.85,99.91,89.81,95.75,30.0
Puducherry,Rural,State/UT,700.0,731.0,68.6,78.88,90.5,88.43,73.08,99.46,96.19,4296.83,99.67,86.72,99.67,29.86,68.9,24.15,68.42,91.27,69.87,89.83,89.32,35.77,0.01,82.5,62.24,,31.9,15.62,12.91,2.46,13.69,6.52,60.79,11.98,61.39,,,,,1.19,0.97,89.07,57.77,99.93,73.96,84.63,30.46
Puducherry,Total,State/UT,3520.0,3669.0,82.39,86.89,91.94,84.09,64.88,98.82,93.1,3258.67,99.57,76.55,99.85,36.3,41.96,34.79,82.0,96.42,87.27,91.99,95.56,51.63,7.98,81.17,54.06,64.84,22.94,19.98,12.35,3.7,15.29,3.79,64.02,8.97,55.14,42.53,2.27,2.92,3.9,1.49,6.48,91.14,65.41,99.92,84.93,92.34,30.14
Punjab,Urban,State/UT,6134.0,6707.0,67.05,60.8,89.28,56.41,38.59,95.4,82.37,4352.06,92.04,47.04,93.66,38.8,53.35,31.44,73.19,95.68,75.79,87.53,85.94,25.29,66.66,68.08,52.25,52.62,12.19,25.73,11.72,4.33,17.87,4.44,70.97,11.88,58.97,46.15,16.03,20.11,24.08,1.55,8.78,83.65,62.37,99.44,87.77,93.76,27.52
Punjab,Rural,State/UT,12690.0,15064.0,69.29,58.44,89.92,54.82,41.64,97.63,88.33,3476.18,95.53,57.6,96.6,38.4,56.97,29.14,77.9,95.12,81.9,89.01,89.38,28.1,65.51,70.87,53.53,57.03,11.79,23.86,9.98,3.3,16.43,3.99,71.12,13.13,58.46,54.38,24.91,32.39,37.52,1.68,8.68,80.04,52.21,98.48,85.93,65.58,23.64
Punjab,Total,State/UT,18824.0,21771.0,68.48,59.3,89.69,55.4,40.53,96.86,86.16,3745.31,94.3,53.86,95.55,38.54,55.54,29.85,76.2,95.32,79.69,88.48,88.13,27.08,65.92,69.9,53.08,55.45,11.93,24.49,10.57,3.65,16.92,4.14,71.07,12.68,58.65,51.73,21.77,28.03,32.74,1.63,8.71,81.4,56.02,98.84,86.63,76.66,25.16
Rajasthan,Urban,State/UT,6823.0,9133.0,80.49,60.64,94.89,39.58,16.72,98.17,86.96,2383.95,97.51,70.49,97.98,19.71,32.96,15.32,83.23,97.42,86.0,91.55,93.5,27.82,65.47,64.45,37.12,70.57,9.65,28.25,18.3,7.98,25.44,3.9,68.27,14.01,49.93,41.36,13.34,22.17,32.33,1.67,15.06,81.32,51.24,99.06,87.23,87.84,80.04
Rajasthan,Rural,State/UT,24994.0,33857.0,75.12,53.87,93.0,32.3,13.72,98.13,84.8,2034.02,94.24,78.62,94.96,8.1,24.39,5.46,79.69,95.07,84.22,88.75,90.54,26.49,60.65,64.5,41.57,70.34,7.97,32.64,16.4,7.46,28.14,3.1,72.35,21.32,55.74,47.54,21.9,32.24,38.8,2.11,28.28,61.63,27.8,95.63,66.05,26.19,90.39
Rajasthan,Total,State/UT,31817.0,42990.0,76.27,55.32,93.4,33.86,14.36,98.14,85.26,2101.51,94.88,77.02,95.56,10.39,26.94,7.24,80.41,95.55,84.58,89.33,91.15,26.77,61.63,64.49,40.68,70.38,8.31,31.78,16.77,7.56,27.61,3.26,71.48,19.55,54.35,46.31,20.2,30.25,37.55,2.01,25.4,66.37,33.44,96.45,71.07,41.38,87.84
Sikkim,Urban,State/UT,600.0,520.0,58.46,51.42,92.22,48.36,29.56,96.09,58.87,9014.67,91.96,66.55,93.5,43.1,,40.39,,,,,,,,92.64,32.91,,,15.05,13.17,6.41,9.04,3.48,54.76,6.05,42.36,,,,,0.71,8.51,92.77,60.2,97.55,83.97,97.54,31.22
Sikkim,Rural,State/UT,2916.0,2751.0,66.52,62.26,91.82,58.15,32.53,93.83,74.96,8027.68,96.32,85.57,98.18,26.88,44.04,25.88,83.22,95.27,89.9,88.04,91.87,34.18,0.0,84.96,33.05,29.67,31.94,25.59,13.85,6.72,14.86,12.17,57.05,5.59,41.86,34.02,7.84,17.84,17.84,1.32,12.54,86.24,41.24,89.86,89.33,64.38,21.64
Sikkim,Total,State/UT,3516.0,3271.0,63.66,58.41,91.96,54.68,31.48,94.62,69.25,8334.0,94.73,78.63,96.47,32.79,55.42,30.36,80.57,96.6,89.04,91.42,90.48,29.0,0.0,87.47,33.01,28.25,24.73,22.33,13.65,6.63,13.13,9.62,56.43,5.77,42.05,40.73,4.99,11.18,11.18,1.05,10.75,88.92,49.01,92.82,87.26,78.4,25.69
Tamil Nadu,Urban,State/UT,11806.0,10879.0,76.71,88.8,89.45,84.2,66.4,98.07,92.46,3647.47,99.79,57.99,99.96,47.46,61.51,37.5,86.4,96.9,89.91,93.01,94.67,40.9,65.8,68.31,60.03,45.54,17.85,22.24,13.86,5.25,19.95,5.05,53.67,9.65,51.25,42.6,8.47,14.85,17.28,1.61,10.36,90.6,63.72,99.06,82.83,92.91,61.12
Tamil Nadu,Rural,State/UT,16123.0,14771.0,78.0,90.83,89.86,81.02,60.25,99.43,93.73,3097.21,99.43,74.01,99.68,42.93,66.7,35.11,91.71,98.24,92.92,96.3,96.81,48.04,67.0,68.03,60.35,61.91,15.01,27.18,15.18,5.64,23.52,3.68,60.37,15.19,55.32,53.12,16.08,21.69,26.39,1.89,15.18,81.5,49.92,98.14,63.27,73.65,71.41
Tamil Nadu,Total,State/UT,27929.0,25650.0,77.41,89.91,89.67,82.47,63.05,98.81,93.15,3315.93,99.59,66.9,99.81,44.94,63.75,36.03,89.2,97.61,91.5,94.75,95.8,44.67,66.43,68.15,60.2,55.05,16.29,25.04,14.61,5.47,21.96,4.27,57.43,12.57,53.41,48.25,12.69,18.64,22.31,1.76,12.83,85.89,56.57,98.58,72.62,82.87,66.48
Telangana,Urban,State/UT,7160.0,7509.0,89.83,71.11,89.49,63.15,37.04,94.77,87.96,3593.82,97.71,43.43,94.59,64.34,82.7,44.79,74.65,90.37,77.04,84.25,86.74,29.67,3.86,68.65,38.83,59.07,8.4,28.13,19.95,9.15,25.81,4.16,64.74,13.48,55.21,50.4,13.79,21.99,24.72,1.75,16.68,80.96,60.88,99.36,81.84,98.22,52.87
Telangana,Rural,State/UT,20191.0,20009.0,87.64,69.97,89.66,54.64,32.74,97.79,87.33,3965.84,96.57,53.64,92.91,58.37,80.58,44.33,81.48,95.27,84.04,91.85,92.69,40.07,6.07,74.89,36.02,73.41,9.67,35.73,22.6,8.15,34.96,3.02,72.82,21.62,58.9,54.38,18.8,29.3,32.37,1.74,27.38,58.1,36.33,98.35,72.88,88.25,65.03
Telangana,Total,State/UT,27351.0,27518.0,88.49,70.41,89.59,57.94,34.4,96.7,87.57,3845.54,97.01,49.66,93.56,60.7,81.53,44.49,79.06,93.53,81.56,89.15,90.58,36.39,5.29,72.44,37.1,68.22,9.2,33.12,21.7,8.49,31.82,3.41,70.02,18.77,57.62,53.17,16.84,26.44,29.39,1.75,23.46,66.64,45.5,98.73,76.24,91.76,60.75
Tripura,Urban,State/UT,1382.0,1347.0,71.78,64.22,97.7,28.74,8.2,96.08,83.56,6223.49,94.84,78.24,96.77,47.51,95.74,40.4,82.41,97.93,85.25,90.1,91.45,28.02,66.0,78.6,38.29,,14.66,27.1,17.09,5.24,16.39,9.33,57.31,14.6,66.05,62.08,13.94,23.2,24.38,1.39,33.71,89.94,36.57,98.17,78.52,75.39,24.85
Tripura,Rural,State/UT,5827.0,5967.0,60.53,49.12,93.97,25.99,9.06,91.97,68.29,6774.34,87.51,78.87,86.96,18.58,54.7,17.57,65.52,93.65,69.72,84.6,84.72,19.93,57.6,68.01,35.9,64.75,13.14,33.87,18.55,7.96,28.34,7.8,66.46,16.87,67.59,61.3,25.5,41.81,48.99,1.81,42.4,76.88,17.89,83.95,71.6,32.58,36.48
Tripura,Total,State/UT,7209.0,7314.0,63.22,52.73,94.86,26.65,8.86,92.98,71.94,6639.87,89.15,78.73,89.16,25.06,69.34,22.65,69.53,94.66,73.41,85.91,86.32,21.85,59.59,70.44,36.44,62.13,13.49,32.3,18.21,7.33,25.6,8.16,64.25,16.22,67.15,61.5,22.87,37.56,43.28,1.7,40.06,80.61,23.23,87.99,73.57,45.34,33.01
Uttar Pradesh,Urban,State/UT,14053.0,18051.0,70.81,52.29,93.66,29.8,14.11,95.05,79.15,3251.93,85.47,43.14,88.41,24.23,42.57,14.39,67.24,91.97,71.43,78.39,80.99,28.88,53.49,73.13,24.93,54.77,6.83,33.03,18.69,8.15,28.17,3.59,65.26,13.62,50.07,37.09,27.66,41.97,49.71,1.88,9.55,78.6,51.87,99.42,80.89,88.3,16.82
Uttar Pradesh,Rural,State/UT,56657.0,75073.0,60.17,39.62,91.64,20.21,8.47,95.84,70.03,2116.53,82.87,61.49,83.82,10.95,37.75,4.67,70.24,93.57,75.09,81.45,83.91,30.53,47.94,74.11,23.68,60.86,5.88,41.34,16.98,7.1,33.11,2.94,66.74,20.75,50.53,47.92,37.8,52.55,62.49,2.5,17.85,65.55,35.04,99.08,64.8,36.22,15.54
Uttar Pradesh,Total,State/UT,70710.0,93124.0,62.48,42.37,92.08,22.29,9.69,95.67,72.01,2299.56,83.4,57.72,84.76,13.67,39.38,6.17,69.62,93.24,74.34,80.82,83.31,30.19,49.07,73.91,23.94,59.66,6.08,39.71,17.32,7.31,32.14,3.07,66.42,19.0,50.42,45.93,35.71,50.36,59.84,2.35,15.84,68.83,39.27,99.16,68.75,49.52,15.87
Uttarakhand,Urban,State/UT,2358.0,2586.0,74.56,71.0,95.2,52.05,28.73,97.53,84.03,3124.11,89.37,52.27,86.56,28.59,46.95,21.36,82.01,92.46,85.25,91.79,91.06,41.01,38.52,58.67,42.78,44.97,13.34,24.31,17.39,4.68,21.02,4.42,63.79,11.57,45.8,51.9,36.2,38.29,46.17,1.84,9.98,85.27,59.38,99.62,81.04,92.86,61.61
Uttarakhand,Rural,State/UT,9811.0,10694.0,65.96,57.33,92.83,43.84,23.22,96.91,74.99,3446.56,80.39,53.8,82.39,16.65,40.94,10.71,80.18,96.54,83.35,88.71,90.33,33.35,29.4,51.41,40.62,56.42,12.17,28.24,11.31,4.72,20.92,3.91,56.62,14.91,41.1,44.3,30.6,39.47,45.32,1.86,9.76,79.78,45.98,94.18,77.67,42.9,62.91
Uttarakhand,Total,State/UT,12169.0,13280.0,68.8,61.83,93.61,46.55,25.04,97.12,77.97,3343.15,83.24,53.31,83.71,20.43,43.3,14.02,80.77,95.23,83.96,89.7,90.56,35.82,32.34,53.74,41.33,52.53,12.54,27.04,13.18,4.71,20.95,4.07,58.8,13.86,42.56,46.37,32.38,39.1,45.55,1.85,9.83,81.57,50.36,95.92,78.75,59.17,62.49
West Bengal,Urban,State/UT,5442.0,6358.0,74.86,81.16,95.98,64.44,33.64,96.7,74.1,2674.65,92.26,62.8,95.23,43.52,80.16,31.7,83.63,97.46,85.34,93.07,92.44,35.83,3.03,66.03,60.69,51.15,24.89,32.14,20.23,7.86,28.74,6.04,62.97,9.46,65.06,60.3,16.07,20.95,22.98,1.39,26.22,83.37,47.59,98.62,74.96,80.31,25.87
West Bengal,Rural,State/UT,12745.0,15050.0,71.8,73.8,94.15,61.75,29.73,99.07,65.69,2686.16,91.56,75.82,93.71,28.64,84.41,20.25,89.33,98.96,92.74,95.63,95.1,47.47,1.35,69.27,58.98,54.04,22.87,34.38,20.36,6.89,33.48,3.6,71.28,17.4,74.41,62.99,15.33,22.36,26.22,1.73,48.13,72.54,25.88,96.89,64.72,20.48,31.03
West Bengal,Total,State/UT,18187.0,21408.0,72.62,75.78,94.64,62.47,30.78,98.44,67.95,2683.47,91.74,72.37,94.11,32.59,82.69,22.89,87.81,98.56,90.77,94.95,94.39,44.37,1.8,68.39,59.43,53.31,23.39,33.78,20.33,7.14,32.21,4.25,68.99,14.81,71.39,62.26,15.53,21.98,25.35,1.64,41.64,76.06,32.94,97.45,68.03,40.22,29.33
